Páginas principales,Clics,Impresiones,CTR,Posición
https://chequearapp.com.ar/,153,5591,2.74%,5.55
https://chequearapp.com.ar/blog/historial-emisor-cheques,31,1146,2.71%,7.64
https://chequearapp.com.ar/blog/cheque-sin-fondos-consecuencias,27,2884,0.94%,7.54
https://chequearapp.com.ar/blog/cheque-denunciado-guia,10,934,1.07%,9.3
https://chequearapp.com.ar/blog/cheque-devuelto-diferencia-rechazado,8,706,1.13%,10.09
https://chequearapp.com.ar/blog/cheque-sin-fecha-validez,3,181,1.66%,6.94
https://chequearapp.com.ar/blog/depositar-cheque-otro-banco,2,296,0.68%,8.32
https://chequearapp.com.ar/blog/analizar-riesgo-cheque,2,41,4.88%,10.34
https://chequearapp.com.ar/blog,1,148,0.68%,9.41
https://app.chequearapp.com.ar/,0,285,0%,8.39
https://chequearapp.com.ar/blog/cheque-90-dias-riesgo,0,84,0%,6.21
https://chequearapp.com.ar/blog/cuenta-corriente-requisitos-cheques,0,27,0%,14.59